<?xml version="1.0" encoding="UTF-8"?>
<project-private xmlns="http://www.netbeans.org/ns/project-private/1">
    <editor-bookmarks xmlns="http://www.netbeans.org/ns/editor-bookmarks/2" lastBookmarkId="0"/>
    <open-files xmlns="http://www.netbeans.org/ns/projectui-open-files/2">
        <group>
            <file>file:/C:/xampp/htdocs/fyp/Disease.php</file>
            <file>file:/C:/xampp/htdocs/fyp/dbFunctions.php</file>
            <file>file:/C:/xampp/htdocs/fyp/doCrop.php</file>
            <file>file:/C:/xampp/htdocs/fyp/history.php</file>
            <file>file:/C:/xampp/htdocs/fyp/doHistory.php</file>
            <file>file:/C:/xampp/htdocs/fyp/home.php</file>
            <file>file:/C:/xampp/htdocs/fyp/crops.php</file>
            <file>file:/C:/xampp/htdocs/fyp/index.php</file>
            <file>file:/C:/xampp/htdocs/fyp/css/bootstrap.css</file>
            <file>file:/C:/xampp/htdocs/fyp/login.php</file>
            <file>file:/C:/xampp/htdocs/fyp/css/bootstrap_1.css</file>
            <file>file:/C:/xampp/htdocs/fyp/doDisease.php</file>
            <file>file:/C:/xampp/htdocs/fyp/css/bootstrap.min_1.css</file>
            <file>file:/C:/xampp/htdocs/fyp/auth_session.php</file>
            <file>file:/C:/xampp/htdocs/fyp/logout.php</file>
            <file>file:/C:/xampp/htdocs/fyp/css/bootstrap.min.css</file>
            <file>file:/C:/xampp/htdocs/fyp/registration.php</file>
            <file>file:/C:/xampp/htdocs/fyp/doHistoryy.php</file>
        </group>
    </open-files>
</project-private>
